[
  {
    "main_title": "[1212타임] 블랙라벨스테이크+수제피클/밀푀유나베 외",
    "main_info": "단 하루/상반기 베스트 메뉴 기획전",
    "main_description": "입에 넣으면 팡팡 터지는 육즙파티 블랙라벨 스테이크!\n탑초이스급 냉장육을 사용하여 신선함이 그대로~\n셰프의 비법이 담긴 소스로 스테이크의 풍미를 가득 느껴보세요.",
    "main_image_url": "http://app.ezquest.org:8080/static/image/test1.jpg",
    "sub_title_one": "판매가격",
    "sub_info_one": "7,900원",
    "sub_title_two": "판매기간",
    "sub_info_two": "19/05/30",
    "sub_title_three": "판매수량",
    "sub_info_three": "4,087개"
  },
  {
    "main_title": "[1212타임] 일잔일점 불닭+오돌뼈 1+1+1+1 외",
    "main_info": "SNS 인증하면 1팩 더 ",
    "main_description": "양파, 마늘, 생강, 사과 나주산 배등\n국내산 원재료 채소및 과일이 들어간\n맛은 물론 건강까지 챙기는\n특별한 동원홈푸드만의 특제양념소스!",
    "main_image_url": "http://app.ezquest.org:8080/static/image/test2.jpg",
    "sub_title_one": "판매가격",
    "sub_info_one": "9,900원",
    "sub_title_two": "판매기간",
    "sub_info_two": "19/05/30",
    "sub_title_three": "판매수량",
    "sub_info_three": "47개"
  }
]